{
    "forecast_accuracy": 0.8796791443850267,
    "confusion_matrix": [
        [
            206,
            0
        ],
        [
            45,
            123
        ]
    ],
    "classification_report": {
        "0": {
            "precision": 0.8207171314741036,
            "recall": 1.0,
            "f1-score": 0.9015317286652079,
            "support": 206.0
        },
        "1": {
            "precision": 1.0,
            "recall": 0.7321428571428571,
            "f1-score": 0.845360824742268,
            "support": 168.0
        },
        "accuracy": 0.8796791443850267,
        "macro avg": {
            "precision": 0.9103585657370519,
            "recall": 0.8660714285714286,
            "f1-score": 0.873446276703738,
            "support": 374.0
        },
        "weighted avg": {
            "precision": 0.9012506125231693,
            "recall": 0.8796791443850267,
            "f1-score": 0.8762998787746894,
            "support": 374.0
        }
    },
    "y_test": [
        0,
        1,
        0,
        0,
        0,
        1,
        1,
        1,
        1,
        0,
        0,
        0,
        0,
        1,
        1,
        0,
        0,
        1,
        1,
        0,
        0,
        0,
        1,
        0,
        0,
        1,
        1,
        0,
        1,
        0,
        0,
        0,
        1,
        1,
        0,
        1,
        1,
        0,
        1,
        0,
        0,
        0,
        1,
        0,
        0,
        0,
        0,
        1,
        0,
        1,
        1,
        1,
        1,
        0,
        0,
        1,
        0,
        0,
        1,
        1,
        1,
        1,
        0,
        0,
        1,
        1,
        1,
        0,
        1,
        1,
        1,
        0,
        0,
        0,
        0,
        0,
        0,
        1,
        1,
        0,
        0,
        1,
        1,
        1,
        0,
        1,
        1,
        0,
        1,
        0,
        0,
        0,
        0,
        0,
        1,
        0,
        0,
        1,
        1,
        0,
        0,
        1,
        1,
        0,
        0,
        1,
        1,
        0,
        1,
        0,
        0,
        0,
        1,
        0,
        1,
        0,
        1,
        0,
        0,
        0,
        0,
        0,
        0,
        1,
        0,
        0,
        1,
        1,
        0,
        0,
        1,
        0,
        1,
        1,
        1,
        1,
        0,
        1,
        0,
        1,
        1,
        1,
        1,
        1,
        0,
        0,
        0,
        0,
        0,
        0,
        0,
        0,
        0,
        1,
        1,
        0,
        0,
        0,
        1,
        1,
        1,
        0,
        0,
        0,
        1,
        1,
        0,
        0,
        0,
        1,
        0,
        0,
        1,
        1,
        0,
        0,
        0,
        1,
        0,
        0,
        1,
        1,
        0,
        0,
        1,
        0,
        1,
        0,
        1,
        0,
        0,
        1,
        1,
        0,
        1,
        0,
        0,
        0,
        1,
        1,
        1,
        1,
        1,
        0,
        1,
        0,
        0,
        1,
        1,
        0,
        0,
        1,
        0,
        0,
        0,
        0,
        0,
        1,
        0,
        0,
        1,
        0,
        0,
        1,
        0,
        1,
        1,
        1,
        1,
        0,
        1,
        1,
        1,
        0,
        0,
        1,
        0,
        0,
        0,
        1,
        1,
        0,
        1,
        1,
        0,
        1,
        1,
        0,
        1,
        0,
        1,
        1,
        0,
        1,
        1,
        0,
        0,
        1,
        1,
        0,
        1,
        0,
        0,
        0,
        1,
        0,
        1,
        1,
        1,
        0,
        1,
        1,
        0,
        0,
        1,
        0,
        0,
        1,
        1,
        0,
        0,
        1,
        0,
        0,
        0,
        0,
        0,
        0,
        0,
        0,
        0,
        0,
        1,
        0,
        1,
        0,
        1,
        0,
        0,
        1,
        1,
        0,
        0,
        1,
        0,
        1,
        0,
        0,
        0,
        0,
        0,
        0,
        0,
        1,
        1,
        1,
        0,
        0,
        0,
        1,
        1,
        0,
        1,
        0,
        1,
        0,
        0,
        1,
        0,
        0,
        1,
        0,
        1,
        0,
        1,
        0,
        1,
        0,
        0,
        0,
        1,
        1,
        1,
        0,
        1,
        0,
        0,
        0,
        1,
        1,
        1,
        0,
        0,
        0,
        0,
        1,
        1,
        0,
        0,
        1,
        0,
        0,
        1,
        0,
        0,
        1,
        0,
        1,
        0,
        1,
        1,
        1,
        1,
        1
    ],