{
    "forecast_accuracy": 0.8947368421052632,
    "confusion_matrix": [
        [
            207,
            0
        ],
        [
            40,
            133
        ]
    ],
    "classification_report": {
        "0": {
            "precision": 0.8380566801619433,
            "recall": 1.0,
            "f1-score": 0.9118942731277533,
            "support": 207.0
        },
        "1": {
            "precision": 1.0,
            "recall": 0.7687861271676301,
            "f1-score": 0.869281045751634,
            "support": 173.0
        },
        "accuracy": 0.8947368421052632,
        "macro avg": {
            "precision": 0.9190283400809717,
            "recall": 0.8843930635838151,
            "f1-score": 0.8905876594396936,
            "support": 380.0
        },
        "weighted avg": {
            "precision": 0.9117835073513744,
            "recall": 0.8947368421052632,
            "f1-score": 0.8924940406644147,
            "support": 380.0
        }
    },
    "y_test": [
        1,
        0,
        1,
        0,
        0,
        0,
        1,
        1,
        0,
        1,
        1,
        0,
        1,
        0,
        0,
        0,
        1,
        0,
        0,
        0,
        0,
        1,
        0,
        1,
        1,
        1,
        1,
        0,
        0,
        1,
        0,
        0,
        1,
        1,
        1,
        1,
        0,
        0,
        1,
        1,
        1,
        0,
        1,
        1,
        1,
        0,
        0,
        0,
        0,
        0,
        0,
        1,
        1,
        0,
        0,
        1,
        1,
        1,
        0,
        1,
        1,
        0,
        1,
        0,
        0,
        0,
        0,
        0,
        1,
        0,
        0,
        1,
        1,
        0,
        0,
        1,
        1,
        0,
        0,
        1,
        1,
        0,
        1,
        0,
        0,
        0,
        1,
        0,
        1,
        0,
        1,
        0,
        0,
        0,
        0,
        0,
        0,
        1,
        0,
        0,
        1,
        1,
        0,
        0,
        1,
        0,
        1,
        1,
        1,
        1,
        0,
        1,
        0,
        1,
        1,
        1,
        1,
        1,
        0,
        0,
        0,
        0,
        0,
        0,
        0,
        0,
        0,
        1,
        1,
        0,
        0,
        0,
        1,
        1,
        1,
        0,
        0,
        0,
        1,
        1,
        0,
        0,
        0,
        1,
        0,
        0,
        1,
        1,
        0,
        0,
        0,
        1,
        0,
        0,
        1,
        1,
        0,
        0,
        1,
        0,
        1,
        0,
        1,
        0,
        0,
        1,
        1,
        0,
        1,
        0,
        0,
        0,
        1,
        1,
        1,
        1,
        1,
        0,
        1,
        0,
        0,
        1,
        1,
        0,
        0,
        1,
        0,
        0,
        0,
        0,
        0,
        1,
        0,
        0,
        1,
        0,
        0,
        1,
        0,
        1,
        1,
        1,
        1,
        0,
        1,
        1,
        1,
        0,
        0,
        1,
        0,
        0,
        0,
        1,
        1,
        0,
        1,
        1,
        0,
        1,
        1,
        0,
        1,
        0,
        1,
        1,
        0,
        1,
        1,
        0,
        0,
        1,
        1,
        0,
        1,
        0,
        0,
        0,
        1,
        0,
        1,
        1,
        1,
        0,
        1,
        1,
        0,
        0,
        1,
        0,
        0,
        1,
        1,
        0,
        0,
        1,
        0,
        0,
        0,
        0,
        0,
        0,
        0,
        0,
        0,
        0,
        1,
        0,
        1,
        0,
        1,
        0,
        0,
        1,
        1,
        0,
        0,
        1,
        0,
        1,
        0,
        0,
        0,
        0,
        0,
        0,
        0,
        1,
        1,
        1,
        0,
        0,
        0,
        1,
        1,
        0,
        1,
        0,
        1,
        0,
        0,
        1,
        0,
        0,
        1,
        0,
        1,
        0,
        1,
        0,
        1,
        0,
        0,
        0,
        1,
        1,
        1,
        0,
        1,
        0,
        0,
        0,
        1,
        1,
        1,
        0,
        0,
        0,
        0,
        1,
        1,
        0,
        0,
        1,
        0,
        0,
        1,
        0,
        0,
        1,
        0,
        1,
        0,
        1,
        1,
        1,
        1,
        1,
        0,
        1,
        1,
        1,
        0,
        0,
        0,
        1,
        1,
        0,
        0,
        0,
        1,
        0,
        1,
        1,
        1,
        0,
        1,
        0,
        1,
        0,
        0,
        0,
        1,
        0,
        1,
        0,
        0,
        1,
        1,
        1
    ],